Level,Percent,Product
no rain,68.17,Rain gauges
light rain,24.13,Rain gauges
moderate rain,4.96,Rain gauges
heavy rain,1.97,Rain gauges
violent rain,0.77,Rain gauges
no rain,80.85,CHIRPS
light rain,9.73,CHIRPS
moderate rain,5.27,CHIRPS
heavy rain,2.55,CHIRPS
violent rain,1.02,CHIRPS
no rain,45.07,ERA5-Land
light rain,45.11,ERA5-Land
moderate rain,6.569999999999999,ERA5-Land
heavy rain,1.6400000000000001,ERA5-Land
violent rain,0.36,ERA5-Land
no rain,59.050000000000004,GSMaP
light rain,32.47,GSMaP
moderate rain,6.069999999999999,GSMaP
heavy rain,1.94,GSMaP
violent rain,0.47000000000000003,GSMaP
no rain,57.099999999999994,IMERG
light rain,34.870000000000005,IMERG
moderate rain,5.24,IMERG
heavy rain,2.03,IMERG
violent rain,0.76,IMERG
no rain,46.85,MSWEP
light rain,45.34,MSWEP
moderate rain,5.94,MSWEP
heavy rain,1.54,MSWEP
violent rain,0.33,MSWEP
no rain,67.43,PERSIANN-CCS-CDR
light rain,25.25,PERSIANN-CCS-CDR
moderate rain,4.67,PERSIANN-CCS-CDR
heavy rain,1.8800000000000001,PERSIANN-CCS-CDR
violent rain,0.73,PERSIANN-CCS-CDR
