<?xml version="1.0" encoding="UTF-8"?>
<metadata xml:lang="zh"><Esri><CreaDate>20230117</CreaDate><CreaTime>23065900</CreaTime><ArcGISFormat>1.0</ArcGISFormat><SyncOnce>TRUE</SyncOnce><DataProperties><itemProps><itemLocation><linkage Sync="TRUE">file://\\WUXIAORANPC\C$\Users\wu_xi\Desktop\Data\XianCh_point</linkage><protocol Sync="TRUE">Local Area Network</protocol></itemLocation></itemProps><copyHistory><copy source="D:\Files\百度网盘下载\china-all\County_pt\XianCh_point" dest="\\WUXIAORANPC\C$\Users\wu_xi\Desktop\Data\XianCh_point" date="20230117" time="23065900"></copy></copyHistory></DataProperties></Esri></metadata>
