<?xml version="1.0" encoding="UTF-8"?>
<metadata xml:lang="zh"><Esri><CreaDate>20230117</CreaDate><CreaTime>23025000</CreaTime><ArcGISFormat>1.0</ArcGISFormat><SyncOnce>TRUE</SyncOnce><DataProperties><itemProps><itemLocation><linkage Sync="TRUE">file://\\WUXIAORANPC\C$\Users\wu_xi\Desktop\Data\roa_4m</linkage><protocol Sync="TRUE">Local Area Network</protocol></itemLocation></itemProps><copyHistory><copy source="D:\Files\百度网盘下载\china-all\Roads\roa_4m" dest="\\WUXIAORANPC\C$\Users\wu_xi\Desktop\Data\roa_4m" date="20230117" time="23025000"></copy></copyHistory></DataProperties></Esri></metadata>
