<?xml version="1.0" encoding="UTF-8"?>
<metadata xml:lang="zh"><Esri><CreaDate>20230118</CreaDate><CreaTime>15511400</CreaTime><ArcGISFormat>1.0</ArcGISFormat><SyncOnce>TRUE</SyncOnce><DataProperties><itemProps><itemLocation><linkage Sync="TRUE">file://\\WUXIAORANPC\C$\Users\wu_xi\Desktop\Data\rai_4m</linkage><protocol Sync="TRUE">Local Area Network</protocol></itemLocation></itemProps><copyHistory><copy source="D:\Files\百度网盘下载\china-all\Train\rai_4m" dest="\\WUXIAORANPC\C$\Users\wu_xi\Desktop\Data\rai_4m" date="20230118" time="15511400"></copy></copyHistory></DataProperties></Esri></metadata>
