<?xml version="1.0" encoding="UTF-8"?>
<metadata xml:lang="zh"><Esri><CreaDate>20230119</CreaDate><CreaTime>18411300</CreaTime><ArcGISFormat>1.0</ArcGISFormat><SyncOnce>TRUE</SyncOnce><DataProperties><itemProps><itemLocation><linkage Sync="TRUE">file://\\WUXIAORANPC\C$\Users\wu_xi\Desktop\R语言空间数据综合制图\九段线</linkage><protocol Sync="TRUE">Local Area Network</protocol></itemLocation></itemProps><copyHistory><copy source="D:\Files\百度网盘下载\china-all\SouthSea\九段线" dest="\\WUXIAORANPC\C$\Users\wu_xi\Desktop\R语言空间数据综合制图\九段线" date="20230119" time="18411300"></copy></copyHistory></DataProperties></Esri></metadata>
