<?xml version="1.0" encoding="UTF-8"?>
<metadata xml:lang="zh"><Esri><CreaDate>20230119</CreaDate><CreaTime>18410800</CreaTime><ArcGISFormat>1.0</ArcGISFormat><SyncOnce>TRUE</SyncOnce><DataProperties><lineage><Process ToolSource="D:\ESRI\ArcGIS 10.0\Desktop10.0\ArcToolbox\Toolboxes\Data Management Tools.tbx\DefineProjection" Date="20180204" Time="105946">DefineProjection bou2_4l GEOGCS['GCS_WGS_1984',DATUM['D_WGS_1984',SPHEROID['WGS_1984',6378137.0,298.257223563]],PRIMEM['Greenwich',0.0],UNIT['Degree',0.0174532925199433]]</Process></lineage><itemProps><itemLocation><linkage Sync="TRUE">file://\\WUXIAORANPC\C$\Users\wu_xi\Desktop\R语言空间数据综合制图\bou2_4l</linkage><protocol Sync="TRUE">Local Area Network</protocol></itemLocation></itemProps><copyHistory><copy source="D:\Files\百度网盘下载\china-all\SouthSea\bou2_4l" dest="\\WUXIAORANPC\C$\Users\wu_xi\Desktop\R语言空间数据综合制图\bou2_4l" date="20230119" time="18410800"></copy></copyHistory></DataProperties></Esri></metadata>
